Trường,STT,Mã ngành,Tên ngành,Tổ hợp môn,Điểm chuẩn,Ghi chú
Đại Học Bách Khoa Hà Nội,1,BF1y,Kỹ thuật Sinh học,A00; B00; D07,23.25,
Đại Học Bách Khoa Hà Nội,2,BF2y,Kỹ thuật Thực phẩm,A00; B00; D07,23.35,
Đại Học Bách Khoa Hà Nội,3,BF-E12y,Kỹ thuật Thực phẩm (CT tiên tiến),A00; B00; D07,23.35,
Đại Học Bách Khoa Hà Nội,4,CH1Y,Kỹ thuật Hoá học,A00; B00; D07,23.03,
Đại Học Bách Khoa Hà Nội,5,CH2y,Hoá học,A00; B00; D07,23.03,
Đại Học Bách Khoa Hà Nội,6,CH3y,Kỹ thuật in,A00; B00; D07,23.03,
Đại Học Bách Khoa Hà Nội,7,CH-E11y,Kỹ thuật Hóa dược (CT tiên tiến),A00; B00; D07,23.7,
Đại Học Bách Khoa Hà Nội,8,ED2y,Công nghệ giáo dục,A00; A01; D01,23.15,
Đại Học Bách Khoa Hà Nội,9,EE1y,Kỹ thuật Điện,A00; A01,23.05,
Đại Học Bách Khoa Hà Nội,10,EE2y,Kỹ thuật Điều khiển - Tự động hoá,A00; A01,27.61,
Đại Học Bách Khoa Hà Nội,11,EE-E18y,Hệ thống điện và năng lượng tái tạo (CT tiên tiến),A00; A01,23.55,
Đại Học Bách Khoa Hà Nội,12,EE-E8y,Kỹ thuật Điều khiển - Tự động hoá (CT tiên tiến),A00; A01,25.99,
Đại Học Bách Khoa Hà Nội,13,EE-Epy,Tin học công nghiệp và Tự động hóa (Chương trình Việt - Pháp PFIEV),A00; A01; D29,23.99,
Đại Học Bách Khoa Hà Nội,14,EM1y,Kinh tế công nghiệp,A00; A01; D01,24.3,
Đại Học Bách Khoa Hà Nội,15,EM2y,Quản lý công nghiệp,A00; A01; D01,23.3,
Đại Học Bách Khoa Hà Nội,16,EM3y,Quản trị kinh doanh,A00; A01; D01,25.35,
Đại Học Bách Khoa Hà Nội,17,EM4y,Kế toán,A00; A01; D01,25.2,
Đại Học Bách Khoa Hà Nội,18,EM5y,Tài chính - Ngân hàng,A00; A01; D01,25.2,
Đại Học Bách Khoa Hà Nội,19,EM-E13y,Phân tích kinh doanh (CT tiên tiến),D07; A01; D01,24.18,
Đại Học Bách Khoa Hà Nội,20,EM-E14y,Logistics và Quản lý chuỗi cung ứng (CT tiên tiến),D07; A01; D01,24.51,
Đại Học Bách Khoa Hà Nội,21,ET1y,Kỹ thuật Điện tử - Viễn thông,A00; A01,24.5,
Đại Học Bách Khoa Hà Nội,22,ET2y,Kỹ thuật Y sinh (mới),A00; A01,23.15,
Đại Học Bách Khoa Hà Nội,23,ET-E16y,Truyền thông số và Kỹ thuật đa phương tiện (CT tiên tiến),A00; A01,24.71,
Đại Học Bách Khoa Hà Nội,24,ET-E4y,Kỹ thuật Điện tử - Viễn thông (CT tiên tiến),A00; A01,24.19,
Đại Học Bách Khoa Hà Nội,25,ET-E5y,Kỹ thuật Y sinh (CT tiên tiến),A00; A01,23.89,
Đại Học Bách Khoa Hà Nội,26,ET-E9y,Hệ thống nhúng thông minh và IoT (CT tiên tiến),A00; A01; D28,24.14,
Đại Học Bách Khoa Hà Nội,27,ET-LUHY,Điện tử - Viễn thông - hợp tác với ĐH Leibniz Hannover (Đức),A00; A01; D26,23.15,
Đại Học Bách Khoa Hà Nội,28,EV1y,Kỹ thuật Môi trường,A00; B00; D07,23.03,
Đại Học Bách Khoa Hà Nội,29,EV2y,Quản lý tài nguyên và môi trường,A00; B00; D07,23.03,
Đại Học Bách Khoa Hà Nội,30,FL1y,Tiếng Anh KHKT và Công nghệ,D01,23.06,
Đại Học Bách Khoa Hà Nội,31,FL2y,Tiếng Anh chuyên nghiệp quốc tế,D01,23.06,
Đại Học Bách Khoa Hà Nội,32,HE1y,Kỹ thuật Nhiệt,A00; A01,23.26,
Đại Học Bách Khoa Hà Nội,33,IT2y,CNTT: Kỹ thuật Máy tính,A00; A01,28.29,
Đại Học Bách Khoa Hà Nội,34,IT-E6y,Công nghệ thông tin (Việt - Nhật),A00; A01,27.25,
Đại Học Bách Khoa Hà Nội,35,ME1y,Kỹ thuật Cơ điện tử,A00; A01,26.33,
Đại Học Bách Khoa Hà Nội,36,ME2y,Kỹ thuật Cơ khí,A00; A01,23.5,
Đại Học Bách Khoa Hà Nội,37,ME-E1y,Kỹ thuật Cơ điện tử (CT tiên tiến),A00; A01,24.28,
Đại Học Bách Khoa Hà Nội,38,ME-Guy,Cơ khí - Chế tạo máy - hợp tác với ĐH Griffith (Úc),A00; A01,23.36,
Đại Học Bách Khoa Hà Nội,39,ME-LUHy,Cơ điện tử - hợp tác với ĐH Leibniz Hannover (Đức),A00; A01; D26,23.29,
Đại Học Bách Khoa Hà Nội,40,ME-NUTy,Cơ điện tử - hợp tác với ĐHCN Nagaoka (Nhật Bản),A00; A01; D28,23.21,
Đại Học Bách Khoa Hà Nội,41,MI1y,Toán - Tin,A00; A01,26.45,
Đại Học Bách Khoa Hà Nội,42,MI2y,Hệ thống thông tin quản lý,A00; A01,26.54,
Đại Học Bách Khoa Hà Nội,43,MS1y,Kỹ thuật Vật liệu,A00; A01; D07,23.16,
Đại Học Bách Khoa Hà Nội,44,MS-E3y,KHKT Vật liệu (CT tiên tiến),A00; A01,23.16,
Đại Học Bách Khoa Hà Nội,45,PH1y,Vật lý kỹ thuật,A00; A01,23.29,
Đại Học Bách Khoa Hà Nội,46,PH2y,Kỹ thuật hạt nhân,A00; A01; A02,23.29,
Đại Học Bách Khoa Hà Nội,47,PH3y,Vật lý y khoa,A00; A01; A02,23.29,
Đại Học Bách Khoa Hà Nội,48,TE1y,Kỹ thuật Ô tô,A00; A01,26.41,
Đại Học Bách Khoa Hà Nội,49,TE2y,Kỹ thuật Cơ khí động lực,A00; A01,24.16,
Đại Học Bách Khoa Hà Nội,50,TE3y,Kỹ thuật Hàng không,A00; A01,24.23,
Đại Học Bách Khoa Hà Nội,51,TE-E2y,Kỹ thuật Ô tô (CT tiên tiến),A00; A01,24.06,
Đại Học Bách Khoa Hà Nội,52,TE-Epy,Cơ khí hàng không (Chương trình Việt - Pháp PFIEV),A00; A01; D29,23.55,
Đại Học Bách Khoa Hà Nội,53,TROY-Bay,Quản trị kinh doanh - hợp tác với ĐH Troy (Hoa Kỳ),A00; A01; D01,23.4,
Đại Học Bách Khoa Hà Nội,54,TROY-ITy,Khoa học máy tính - hợp tác với ĐH Troy (Hoa Kỳ),A00; A01; D01,25.15,
Đại Học Bách Khoa Hà Nội,55,TX1y,Kỹ thuật Dệt - May,A00; A01,23.1,
Đại Học Ngoại Thương Hà Nội,1,NTH01-01,Ngành Luật,A00,27.5,
Đại Học Ngoại Thương Hà Nội,2,NTH01-01,Ngành Luật,A01; D01; D03; D05; D06; D07,27.0,
Đại Học Ngoại Thương Hà Nội,3,NTH01-02,Nhóm ngành: - Kinh tế - Kinh tế quốc tế,A00,28.4,
Đại Học Ngoại Thương Hà Nội,4,NTH01-02,Nhóm ngành: - Kinh tế - Kinh tế quốc tế,A01; D01; D03; D05; D06; D07,27.9,
Đại Học Ngoại Thương Hà Nội,5,NTH02,Nhóm ngành: - Quản trị kinh doanh - Kinh doanh quốc tế - Quản trị khách sạn - Marketing,A00,28.2,
Đại Học Ngoại Thương Hà Nội,6,NTH02,Nhóm ngành: - Quản trị kinh doanh - Kinh doanh quốc tế - Quản trị khách sạn - Marketing,A01; D01; D03; D05; D06; D07,27.7,
Đại Học Ngoại Thương Hà Nội,7,NTH03,Nhóm ngành: - Kế toán - Tài chính - Ngân hàng,A00,27.8,
Đại Học Ngoại Thương Hà Nội,8,NTH03,Nhóm ngành: - Kế toán - Tài chính - Ngân hàng,A01; D01; D03; D05; D06; D07,27.3,
Đại Học Ngoại Thương Hà Nội,9,NTH04,Ngành Ngôn ngữ Anh,D01,36.4,Môn ngoại ngữ nhân hệ số 2
Đại Học Ngoại Thương Hà Nội,10,NTH05,Ngành Ngôn ngữ Pháp,D01,35.0,Môn ngoại ngữ nhân hệ số 2
Đại Học Ngoại Thương Hà Nội,11,NTH05,Ngành Ngôn ngữ Pháp,D03,34.0,Môn ngoại ngữ nhân hệ số 2
Đại Học Ngoại Thương Hà Nội,12,NTH06,Ngành Ngôn ngữ Trung,D01,36.6,Môn ngoại ngữ nhân hệ số 2
Đại Học Ngoại Thương Hà Nội,13,NTH06,Ngành Ngôn ngữ Trung,D04,35.6,Môn ngoại ngữ nhân hệ số 2
Đại Học Ngoại Thương Hà Nội,14,NTH07,Ngành Ngôn ngữ Nhật,D01,36.0,Môn ngoại ngữ nhân hệ số 2
Đại Học Ngoại Thương Hà Nội,15,NTH07,Ngành Ngôn ngữ Nhật,D06,35.0,Môn ngoại ngữ nhân hệ số 2
Đại Học Kinh tế quốc dân,1,7310101_1,Kinh tế học (ngành Kinh tế),A00; A01; D01; D07,27.45,
Đại Học Kinh tế quốc dân,2,7310101_2,Kinh tế và quản lý đô thị (ngành Kinh tế),A00; A01; D01; D07,26.9,
Đại Học Kinh tế quốc dân,3,7310101_3,Kinh tế và quản lý nguồn nhân lực (ngành Kinh tế),A00; A01; D01; D07,27.65,
Đại Học Kinh tế quốc dân,4,7310104,Kinh tế đầu tư,A00; A01; D01; B00,27.5,
Đại Học Kinh tế quốc dân,5,7310105,Kinh tế phát triển,A00; A01; D01; D07,27.5,
Đại Học Kinh tế quốc dân,6,7310106,Kinh tế quốc tế,A00; A01; D01; D07,27.75,
Đại Học Kinh tế quốc dân,7,7310107,Thống kê kinh tế,A00; A01; D01; D07,27.2,
Đại Học Kinh tế quốc dân,8,7310108,Toán kinh tế,A00; A01; D01; D07,27.15,
Đại Học Kinh tế quốc dân,9,7320108,Quan hệ công chúng,A01; D01; C03; C04,28.6,
Đại Học Kinh tế quốc dân,10,7340101,Quản trị kinh doanh,A00; A01; D01; D07,27.45,
Đại Học Kinh tế quốc dân,11,7340115,Marketing,A00; A01; D01; D07,28.0,
Đại Học Kinh tế quốc dân,12,7340116,Bất động sản,A00; A01; D01; D07,26.65,
Đại Học Kinh tế quốc dân,13,7340120,Kinh doanh quốc tế,A00; A01; D01; D07,28.0,
Đại Học Kinh tế quốc dân,14,7340121,Kinh doanh thương mại,A00; A01; D01; D07,27.7,
Đại Học Kinh tế quốc dân,15,7340122,Thương mại điện tử,A00; A01; D01; D07,28.1,
Đại Học Kinh tế quốc dân,16,7340201,Tài chính - Ngân hàng,A00; A01; D01; D07,27.25,
Đại Học Kinh tế quốc dân,17,7340204,Bảo hiểm,A00; A01; D01; D07,26.4,
Đại Học Kinh tế quốc dân,18,7340301,Kế toán,A00; A01; D01; D07,27.4,
Đại Học Kinh tế quốc dân,19,7340302,Kiểm toán,A00; A01; D01; D07,28.15,
Đại Học Kinh tế quốc dân,20,7340401,Khoa học quản lý,A00; A01; D01; D07,26.85,
Đại Học Kinh tế quốc dân,21,7340403,Quản lý công,A00; A01; D01; D07,26.6,
Đại Học Kinh tế quốc dân,22,7340404,Quản trị nhân lực,A00; A01; D01; D07,27.45,
Đại Học Kinh tế quốc dân,23,7340405,Hệ thống thông tin quản lý,A00; A01; D01; D07,27.5,
Đại Học Kinh tế quốc dân,24,7340409,Quản lý dự án,A00; A01; D01; B00,27.3,
Đại Học Kinh tế quốc dân,25,7380101,Luật,A00; A01; D01; D07,26.3,
Đại Học Kinh tế quốc dân,26,7380107,Luật kinh tế,A00; A01; D01; D07,27.0,
Đại Học Kinh tế quốc dân,27,7480101,Khoa học máy tính,A00; A01; D01; D07,26.7,
Đại Học Kinh tế quốc dân,28,7480201,Công nghệ thông tin,A00; A01; D01; D07,27.0,
Đại Học Kinh tế quốc dân,29,7510605,Logistics và Quản lý chuỗi cung ứng,A00; A01; D01; D07,28.2,
Đại Học Kinh tế quốc dân,30,7620114,Kinh doanh nông nghiệp,A00; A01; D01; B00,26.1,
Đại Học Kinh tế quốc dân,31,7620115,Kinh tế nông nghiệp,A00; A01; D01; B00,26.1,
Đại Học Kinh tế quốc dân,32,7810103,Quản trị dịch vụ du lịch và lữ hành,A00; A01; D01; D07,26.85,
Đại Học Kinh tế quốc dân,33,7810201,Quản trị khách sạn,A00; A01; D01; D07,26.85,
Đại Học Kinh tế quốc dân,34,7850101,Quản lý tài nguyên và môi trường,A00; A01; D01; D07,26.1,
Đại Học Kinh tế quốc dân,35,7850102,Kinh tế tài nguyên thiên nhiên,A00; A01; D01; B00,26.1,
Đại Học Kinh tế quốc dân,36,7850103,Quản lý đất đai,A00; A01; D01; D07,26.2,
Đại Học Kinh tế quốc dân,37,EBBA,Quản trị kinh doanh (E - BBA),A00; A01; D01; D07,26.8,
Đại Học Kinh tế quốc dân,38,EP02,Định phí Bảo hiểm & Quản trị rủi ro (Actuary),A00; A01; D01; D07,26.4,
Đại Học Kinh tế quốc dân,39,EP03,Khoa học dữ liệu trong Kinh tế & Kinh doanh (DSEB),A00; A01; D01; D07,26.5,
Đại Học Kinh tế quốc dân,40,EP04,Kế toán tích hợp chứng chỉ quốc tế (ACT - ICAEW),A00; A01; D01; D07,26.8,
Đại Học Kinh tế quốc dân,41,EP05,Kinh doanh số (E - BDB),A00; A01; D01; D07,26.8,
Đại Học Kinh tế quốc dân,42,EP06,Phân tích kinh doanh (BA),A00; A01; D01; D07,27.2,
Đại Học Kinh tế quốc dân,43,EP07,Quản trị điều hành thông minh (E-SOM),A01; D01; D07; D10,26.9,
Đại Học Kinh tế quốc dân,44,EP08,Quản trị chât lượng và Đổi mới (E-MQI),A01; D01; D07; D10,26.45,
Đại Học Kinh tế quốc dân,45,EP09,Công nghệ tài chính (BFT),A00; A01; D01; D07,26.9,
Đại Học Kinh tế quốc dân,46,EP12,Kiểm toán tích hợp chứng chỉ quốc tế (AUD - ICAEW),A00; A01; D01; D07,27.2,
Đại Học Kinh tế quốc dân,47,EP13,Kinh tế học tài chính (FE),A00; A01; D01; D07,26.5,
Đại Học Kinh tế quốc dân,48,EPMP,Quản lý công và Chính sách (E - PMP),A00; A01; D01; D07,26.1,
Đại Học Kinh tế quốc dân,49,7220201,Ngôn ngữ Anh,A01; D01; D09; D10,35.85,Chương trình Tiếng Anh hệ số 2
Đại Học Kinh tế quốc dân,50,EP01,Khởi nghiệp và phát triển kinh doanh (BBAE),A00; A01; D07; D09,34.9,Chương trình Tiếng Anh hệ số 2
Đại Học Kinh tế quốc dân,51,EP10,Đầu tư tài chính (BFI),A01; D01; D07; D10,36.25,Chương trình Tiếng Anh hệ số 2
Đại Học Kinh tế quốc dân,52,EP11,Quản trị khách sạn quốc tế (HME),A01; D01; D09; D10,34.6,Chương trình Tiếng Anh hệ số 2
Đại Học Kinh tế quốc dân,53,EP14,Logistics và Quản lý chuỗi cung ứng tích hợp chứng chỉ quốc tế (LSIC),A01; D01; D07; D10,36.25,Chương trình Tiếng Anh hệ số 2
Đại Học Kinh tế quốc dân,54,POHE1,POHE - Quản trị khách sạn,A00; A01; D07; D09,35.35,Chương trình Tiếng Anh hệ số 2
Đại Học Kinh tế quốc dân,55,POHE2,POHE - Quản trị lữ hành,A00; A01; D07; D09,34.8,Chương trình Tiếng Anh hệ số 2
Đại Học Kinh tế quốc dân,56,POHE3,POHE - Truyền thông Marketing,A00; A01; D07; D09,38.15,Chương trình Tiếng Anh hệ số 2
Đại Học Kinh tế quốc dân,57,POHE4,POHE - Luật kinh doanh,A00; A01; D07; D09,35.5,Chương trình Tiếng Anh hệ số 2
Đại Học Kinh tế quốc dân,58,POHE5,POHE - Quản trị kinh doanh thương mại,A00; A01; D07; D09,36.95,Chương trình Tiếng Anh hệ số 2
Đại Học Kinh tế quốc dân,59,POHE6,POHE - Quản trị thị trường,A00; A01; D07; D09,35.0,Chương trình Tiếng Anh hệ số 2
Đại Học Kinh tế quốc dân,60,POHE7,POHE - Thẩm định giá,A00; A01; D07; D09,35.0,Chương trình Tiếng Anh hệ số 2
Đại Học Thương mại,1,TM01,Quản trị kinh doanh,A00; A01; D01; D07,26.35,
Đại Học Thương mại,2,TM03,Khởi nghiệp và phát triển kinh doanh,A00; A01; D01; D07,26.1,
Đại Học Thương mại,3,TM04,Marketing thương mại,A00; A01; D01; D07,27.0,
Đại Học Thương mại,4,TM05,Quản trị thương hiệu,A00; A01; D01; D07,26.7,
Đại Học Thương mại,5,TM06,Logistics và quản lý chuỗi cung ứng,A00; A01; D01; D07,27.0,
Đại Học Thương mại,6,TM07,Kế toán doanh nghiệp,A00; A01; D01; D07,26.2,
Đại Học Thương mại,7,TM09,Kế toán công,A00; A01; D01; D07,25.8,
Đại Học Thương mại,8,TM10,Kiểm toán,A00; A01; D01; D07,26.2,
Đại Học Thương mại,9,TM11,Thương mại quốc tế,A00; A01; D01; D07,26.6,
Đại Học Thương mại,10,TM12,Kinh tế quốc tế,A00; A01; D01; D07,26.5,
Đại Học Thương mại,11,TM13,Quản lý kinh tế,A00; A01; D01; D07,26.0,
Đại Học Thương mại,12,TM14,Tài chính - Ngân hàng thương mại,A00; A01; D01; D07,25.9,
Đại Học Thương mại,13,TM16,Tài chính công,A00; A01; D01; D07,25.8,
Đại Học Thương mại,14,TM17,Quản trị thương mại điện tử,A00; A01; D01; D07,27.0,
Đại Học Thương mại,15,TM18,Tiếng Anh thương mại,A01; D01; D07,26.05,
Đại Học Thương mại,16,TM19,Luật kinh tế,A00; A01; D01; D07,25.8,
Đại Học Thương mại,17,TM20,Tiếng Pháp thương mại,A00; A01; D01; D03,25.8,
Đại Học Thương mại,18,TM21,Tiếng Trung thương mại,A00; A01; D01; D04,26.0,
Đại Học Thương mại,19,TM22,Quản trị hệ thống thông tin,A00; A01; D01; D07,26.1,
Đại Học Thương mại,20,TM23,Quản trị nhân lực doanh nghiệp,A00; A01; D01; D07,26.2,
Đại Học Thương mại,21,TM28,Marketing số,A00; A01; D01; D07,26.9,
Đại Học Thương mại,22,TM29,Luật thương mại quốc tế,A00; A01; D01; D07,25.8,
Học viện Ngân hàng,1,7340120,Kinh doanh quốc tế,A01; D01; D07; D09,26.5,
Học viện Ngân hàng,2,7340101_AP,Quản trị kinh doanh (Chương trình Chất lượng cao),A00; A01; D01; D07,26.0,
Học viện Ngân hàng,3,7340101,Quản trị kinh doanh,A00; A01; D01; D07,26.0,
Học viện Ngân hàng,4,7340201_AP_TC,Tài chính (Chương trình Chất lượng cao),A00; A01; D01; D07,26.1,
Học viện Ngân hàng,5,7340201_AP_NH,Ngân hàng (Chương trình Chất lượng cao),A00; A01; D01; D07,25.8,
Học viện Ngân hàng,6,7340201_TC,Tài chính,A00; A01; D01; D07,26.1,
Học viện Ngân hàng,7,7340201_NH,Ngân hàng,A00; A01; D01; D07,25.8,
Học viện Ngân hàng,8,7340301_AP,Kế toán (Chương trình Chất lượng cao),A00; A01; D01; D07,25.8,
Học viện Ngân hàng,9,7340301_J,Kế toán (Định hướng Nhật Bản. HVNH cấp bằng),A00; A01; D01; D07,25.8,
Học viện Ngân hàng,10,7340301,Kế toán,A00; A01; D01; D07,25.8,
Học viện Ngân hàng,11,7380107_A,Luật kinh tế,A00; A01; D01; D07,25.8,
Học viện Ngân hàng,12,7380107_C,Luật kinh tế,C00; D14; D15,28.05,
Học viện Ngân hàng,13,7220201,Ngôn ngữ Anh,A01; D01; D07; D09,26.0,
Học viện Ngân hàng,14,7310101,Kinh tế,A01; D01; D07; D09,26.0,
Học viện Ngân hàng,15,7340405,Hệ thống thông tin quản lý,A00; A01; D01; D07,26.35,
Học viện Ngân hàng,16,7340405_J,Công nghệ thông tin (Định hướng Nhật Bản. HVNH cấp bằng),A00; A01; D01; D07,26.2,
Học viện Ngân hàng,17,7480201,Công nghệ thông tin,A00; A01; D01; D07,26.2,
Học viện Ngân hàng,18,7340101_IU,"Quản trị kinh doanh (Liên kết với Đại học CityU, Hoa Kỳ. Cấp song bằng HVNH và Đại học CityU)",A00; A01; D01; D07,24.0,
Học viện Ngân hàng,19,7340301_I,"Kế toán (Liên kết với Đại học Sunderland, Vương quốc Anh. Cấp song bằng HVNH và Đại học Sunderland)",A00; A01; D01; D07,24.0,
Đại học y Hà Nội,1,7720101,Y khoa,B00,28.15,
Đại học y Hà Nội,2,7720101_AP,Y khoa kết hợp chứng chỉ ngoại ngữ quốc tế,B00,26.25,
Đại học y Hà Nội,3,7720101YHT,Y khoa Phân hiệu Thanh Hóa,B00,26.8,
Đại học y Hà Nội,4,7720101YHT_AP,Y khoa Phân hiệu Thanh Hóa kết hợp chứng chỉ ngoại ngữ quốc tế,B00,24.1,
Đại học y Hà Nội,5,7720501,Răng Hàm Mặt,B00,27.7,
Đại học y Hà Nội,6,7720115,Y học cổ truyền,B00,25.25,
Đại học y Hà Nội,7,7720110,Y học dự phòng,B00,23.15,
Đại học y Hà Nội,8,7720701,Y tế công cộng,B00,21.5,
Đại học y Hà Nội,9,7720601,Kỹ thuật xét nghiệm Y học,B00,25.55,
Đại học y Hà Nội,10,7720301,Điều dưỡng,B00,24.7,
Đại học y Hà Nội,11,7720301YHT,Điều dưỡng Phân hiệu Thanh Hóa,B00,19.0,
Đại học y Hà Nội,12,7720401,Dinh dưỡng,B00,23.25,
Đại học y Hà Nội,13,7720699,Khúc xạ nhãn khoa,B00,25.8,
Học viện an ninh,1,7860100,Nghiệp vụ An ninh,A00,19.03,Điểm trúng tuyển nam; Địa bàn 1
Học viện an ninh,2,7860100,Nghiệp vụ An ninh,A01,19.62,Điểm trúng tuyển nam; Địa bàn 1
Học viện an ninh,3,7860100,Nghiệp vụ An ninh,C03,20.53,Điểm trúng tuyển nam; Địa bàn 1
Học viện an ninh,4,7860100,Nghiệp vụ An ninh,D01,20.33,Điểm trúng tuyển nam; Địa bàn 1
Học viện an ninh,5,7860100,Nghiệp vụ An ninh,A00,23.88,Điểm trúng tuyển nữ; Địa bàn 1
Học viện an ninh,6,7860100,Nghiệp vụ An ninh,A01,25.66,Điểm trúng tuyển nữ; Địa bàn 1
Học viện an ninh,7,7860100,Nghiệp vụ An ninh,C03,24.92,Điểm trúng tuyển nữ; Địa bàn 1
Học viện an ninh,8,7860100,Nghiệp vụ An ninh,D01,25.3,Điểm trúng tuyển nữ; Địa bàn 1
Học viện an ninh,9,7860100,Nghiệp vụ An ninh,A00,21.61,"Điểm trúng tuyển nam; Địa bàn 2; Tiêu chí phụ: Thí sinh có tổng điểm của 03 môn thuộc tổ hợp xét tuyển (chiếm tỷ lệ 40%) và điểm bài thi Bộ Công an (chiếm tỷ lệ 60%) được quy về thang điểm 30 làm tròn đến 02 chữ số thập phân (không tính điểm ưu tiên, điểm thưởng) đạt 21.11đ"
Học viện an ninh,10,7860100,Nghiệp vụ An ninh,A01,22.39,Điểm trúng tuyển nam; Địa bàn 2
Học viện an ninh,11,7860100,Nghiệp vụ An ninh,C03,21.84,Điểm trúng tuyển nam; Địa bàn 2
Học viện an ninh,12,7860100,Nghiệp vụ An ninh,D01,21.89,Điểm trúng tuyển nam; Địa bàn 2
Học viện an ninh,13,7860100,Nghiệp vụ An ninh,A00,24.69,Điểm trúng tuyển nữ; Địa bàn 2
Học viện an ninh,14,7860100,Nghiệp vụ An ninh,A01,23.16,Điểm trúng tuyển nữ; Địa bàn 2
Học viện an ninh,15,7860100,Nghiệp vụ An ninh,C03,24.56,Điểm trúng tuyển nữ; Địa bàn 2
Học viện an ninh,16,7860100,Nghiệp vụ An ninh,D01,22.44,Điểm trúng tuyển nữ; Địa bàn 2
Học viện an ninh,17,7860100,Nghiệp vụ An ninh,A00,20.06,Điểm trúng tuyển nam; Địa bàn 3
Học viện an ninh,18,7860100,Nghiệp vụ An ninh,A01,20.92,Điểm trúng tuyển nam; Địa bàn 3
Học viện an ninh,19,7860100,Nghiệp vụ An ninh,C03,21.63,Điểm trúng tuyển nam; Địa bàn 3
Học viện an ninh,20,7860100,Nghiệp vụ An ninh,D01,20.96,Điểm trúng tuyển nam; Địa bàn 3
Học viện an ninh,21,7860100,Nghiệp vụ An ninh,A00,22.13,Điểm trúng tuyển nữ; Địa bàn 3
Học viện an ninh,22,7860100,Nghiệp vụ An ninh,A01,24.94,Điểm trúng tuyển nữ; Địa bàn 3
Học viện an ninh,23,7860100,Nghiệp vụ An ninh,C03,25.3,Điểm trúng tuyển nữ; Địa bàn 3
Học viện an ninh,24,7860100,Nghiệp vụ An ninh,D01,24.64,Điểm trúng tuyển nữ; Địa bàn 3
Học viện an ninh,25,7860100,Nghiệp vụ An ninh,A00,19.12,Điểm trúng tuyển nam; Địa bàn 8
Học viện an ninh,26,7860100,Nghiệp vụ An ninh,A01,19.47,Điểm trúng tuyển nam; Địa bàn 8
Học viện an ninh,27,7860100,Nghiệp vụ An ninh,C03,20.24,Điểm trúng tuyển nam; Địa bàn 8
Học viện an ninh,28,7860100,Nghiệp vụ An ninh,D01,18.3,Điểm trúng tuyển nam; Địa bàn 8
Học viện an ninh,29,7480202,An toàn thông tin,A00,21.84,"Điểm trúng tuyển nam, Phía bắc"
Học viện an ninh,30,7480202,An toàn thông tin,A01,17.94,"Điểm trúng tuyển nam, Phía bắc"
Học viện an ninh,31,7480202,An toàn thông tin,A00,21.85,"Điểm trúng tuyển nữ, Phía bắc"
Học viện an ninh,32,7480202,An toàn thông tin,A01,23.26,"Điểm trúng tuyển nữ, Phía bắc"
Học viện an ninh,33,7480202,An toàn thông tin,A00,18.89,Điểm trúng tuyển nam; Phía Nam
Học viện an ninh,34,7480202,An toàn thông tin,A01,17.67,Điểm trúng tuyển nam; Phía Nam
Học viện an ninh,35,7480202,An toàn thông tin,A00,21.22,Điểm trúng tuyển nữ; Phía Nam
Học viện an ninh,36,7480202,An toàn thông tin,A01,22.0,Điểm trúng tuyển nữ; Phía Nam
Học viện an ninh,37,7720101,Y khoa,B00,15.64,Điểm trúng tuyển nam; Phía Bắc
Học viện an ninh,38,7720101,Y khoa,B00,15.1,Điểm trúng tuyển nam; Phía Nam
Đại học sư phạm,1,7140201A,Giáo dục mầm non,M00,22.08,TTNV <= 1
Đại học sư phạm,2,7140201B,Giáo dục mầm non - SP Tiếng Anh,M01,19.25,TTNV <= 1
Đại học sư phạm,3,7140201C,Giáo dục mầm non - SP Tiếng Anh,M02,19.13,TTNV <= 1
Đại học sư phạm,4,7140202A,Giáo dục Tiểu học,D01; D02; D03,26.15,TTNV <= 1
Đại học sư phạm,5,7140202B,Giáo dục Tiểu học - SP Tiếng Anh,D01,26.55,TTNV <= 3
Đại học sư phạm,6,7140203C,Giáo dục Đặc biệt,C00,27.5,TTNV <= 16
Đại học sư phạm,7,7140203D,Giáo dục Đặc biệt,D01; D02; D03,24.85,TTNV <= 18
Đại học sư phạm,8,7140204B,Giáo dục công dân,C19,27.5,TTNV <= 2
Đại học sư phạm,9,7140204C,Giáo dục công dân,C20,27.5,TTNV <= 7
Đại học sư phạm,10,7140205B,Giáo dục chính trị,C19,28.5,TTNV <= 2
Đại học sư phạm,11,7140205C,Giáo dục chính trị,C20,28.5,TTNV <= 6
Đại học sư phạm,12,7140206A,Giáo dục Thể chất,T01,19.55,TTNV <= 2
Đại học sư phạm,13,7140208C,Giáo dục Quốc phòng và An ninh,C00,26.0,TTNV <= 1
Đại học sư phạm,14,7140208D,Giáo dục Quốc phòng và An ninh,D01; D02; D03,23.85,TTNV <= 6
Đại học sư phạm,15,7140209A,Sư phạm Toán học,A00,26.25,TTNV <= 10
Đại học sư phạm,16,7140209B,Sư phạm Toán học (Dạy Toán bằng tiếng Anh),A00,27.7,TTNV <= 1
Đại học sư phạm,17,7140209D,Sư phạm Toán học (Dạy Toán bằng tiếng Anh),D01,27.5,TTNV <= 1
Đại học sư phạm,18,7140210A,SP Tin học,A00,23.55,TTNV <= 1
Đại học sư phạm,19,7140210B,SP Tin học,A01,23.45,TTNV <= 4
Đại học sư phạm,20,7140211A,SP Vật lý,A00,25.35,TTNV <= 5
Đại học sư phạm,21,7140211B,SP Vật lý,A01,25.55,TTNV <= 2
Đại học sư phạm,22,7140211C,SP Vật lý (dạy Vật lý bằng tiếng Anh),A00,25.9,TTNV <= 14
Đại học sư phạm,23,7140211D,SP Vật lý (dạy Vật lý bằng tiếng Anh),A01,26.1,TTNV <= 1
Đại học sư phạm,24,7140212A,SP Hoá học,A00,25.8,TTNV <= 11
Đại học sư phạm,25,7140212B,SP Hoá học (dạy Hoá học bằng tiếng Anh),D07,26.0,TTNV <= 4
Đại học sư phạm,26,7140212C,SP Hoá học,B00,26.0,TTNV <= 10
Đại học sư phạm,27,7140213B,SP Sinh học,B00,23.63,TTNV <= 5
Đại học sư phạm,28,7140213D,SP Sinh học,D08; D32; D34,20.78,TTNV <= 6
Đại học sư phạm,29,7140217C,SP Ngữ văn,C00,28.5,TTNV <= 1
Đại học sư phạm,30,7140217D,SP Ngữ văn,D01; D02; D03,25.95,TTNV <= 1
Đại học sư phạm,31,7140218C,SP Lịch sử,C00,28.5,TTNV <= 2
Đại học sư phạm,32,7140218D,SP Lịch sử,D14,27.05,TTNV <= 18
Đại học sư phạm,33,7140219B,SP Địa lý,C04,26.9,TTNV <= 5
Đại học sư phạm,34,7140219C,SP Địa lý,C00,27.75,TTNV <= 1
Đại học sư phạm,35,7140221A,Sư phạm Âm nhạc,N01,19.13,TTNV <= 2
Đại học sư phạm,36,7140221B,Sư phạm Âm nhạc,N02,18.38,TTNV <= 1
Đại học sư phạm,37,7140222B,Sư phạm Mỹ thuật,H02,21.0,TTNV <= 2
Đại học sư phạm,38,7140231A,SP Tiếng Anh,D01,27.39,TTNV <= 2
Đại học sư phạm,39,7140233C,SP Tiếng Pháp,D15; D42; D44,23.51,TTNV <= 4
Đại học sư phạm,40,7140233D,SP Tiếng Pháp,D01; D02; D03,25.31,TTNV <= 8
Đại học sư phạm,41,7140246A,SP Công nghệ,A00,19.15,TTNV <= 6
Đại học sư phạm,42,7140246C,SP Công nghệ,C01,19.3,TTNV <= 2
Đại học sư phạm,43,7140114C,Quản lí giáo dục,C20,26.5,TTNV <= 13
Đại học sư phạm,44,7140114D,Quản lí giáo dục,D01; D02; D03,24.6,TTNV <= 16
Đại học sư phạm,45,7220201,Ngôn ngữ Anh,D01,26.35,TTNV <= 8
Đại học sư phạm,46,7220204A,Ngôn ngữ Trung Quốc,D01,26.05,TTNV <= 2
Đại học sư phạm,47,7220204B,Ngôn ngữ Trung Quốc,D04,25.91,TTNV <= 4
Đại học sư phạm,48,7229001B,Triết học (Triết học Mác - Lênin),C19,23.5,TTNV <= 4
Đại học sư phạm,49,7229001C,Triết học (Triết học Mác - Lênin),C00,22.25,TTNV <= 1
Đại học sư phạm,50,7229030C,Văn học,C00,27.0,TTNV <= 1
Đại học sư phạm,51,7229030D,Văn học,D01; D02; D03,25.2,TTNV <= 4
Đại học sư phạm,52,7310201B,Chính trị học,C19,26.0,TTNV <= 16
Đại học sư phạm,53,7310201C,Chính trị học,D66; D68; D70,20.45,TTNV <= 3
Đại học sư phạm,54,7310401C,Tâm lý học (Tâm lý học trường học),C00,26.25,TTNV <= 4
Đại học sư phạm,55,7310401D,Tâm lý học (Tâm lý học trường học),D01; D02; D03,24.8,TTNV <= 9
Đại học sư phạm,56,7310403C,Tâm lý học giáo dục,C00,26.75,TTNV <= 4
Đại học sư phạm,57,7310403D,Tâm lý học giáo dục,D01; D02; D03,25.5,TTNV <= 6
Đại học sư phạm,58,7310630C,Việt Nam học,C00,25.5,TTNV <= 5
Đại học sư phạm,59,7310630D,Việt Nam học,D15,20.45,TTNV <= 1
Đại học sư phạm,60,7420101B,Sinh học,B00,17.63,TTNV <= 8
Đại học sư phạm,61,7420101D,Sinh học,D08; D32; D34,19.15,TTNV <= 16
Đại học sư phạm,62,7440112A,Hóa học,A00,20.05,TTNV <= 1
Đại học sư phạm,63,7440112B,Hóa học,B00,19.7,TTNV <= 6
Đại học sư phạm,64,7460101B,Toán học,A00,24.35,TTNV <= 8
Đại học sư phạm,65,7460101D,Toán học,D01,24.55,TTNV <= 6
Đại học sư phạm,66,7480201A,Công nghệ thông tin,A00,23.9,TTNV <= 4
Đại học sư phạm,67,7480201B,Công nghệ thông tin,A01,23.85,TTNV <= 12
Đại học sư phạm,68,7760101C,Công tác xã hội,C00,24.25,TTN <= 4
Đại học sư phạm,69,7760101D,Công tác xã hội,D01; D02; D03,22.5,TTNV <= 4
Đại học sư phạm,70,7760103C,Hỗ trợ giáo dục người khuyết tật,C00,16.75,TTNV <= 5
Đại học sư phạm,71,7760103D,Hỗ trợ giáo dục người khuyết tật,D01; D02; D03,17.75,TTNV <= 5
Đại học sư phạm,72,7810103C,Quản trị dịch vụ du lịch và lữ hành,C00,26.5,TTNV <= 1
Đại học sư phạm,73,7810103D,Quản trị dịch vụ du lịch và lữ hành,D15,23.9,TTNV <= 1
Đại học công nghệ - QGHN,1,CN1,Công nghệ thông tin,A00; A01; D01,29.15,
Đại học công nghệ - QGHN,2,CN10,Công nghệ nông nghiệp,A00; A01; D01,22.0,
Đại học công nghệ - QGHN,3,CN11,Kỹ thuật điều khiển và tự động hóa,A00; A01; D01,27.25,
Đại học công nghệ - QGHN,4,CN12,Trí tuệ nhân tạo,A00; A01; D01,27.0,
Đại học công nghệ - QGHN,5,CN13,Kỹ thuật năng lượng,A00; A01; D01,22.0,
Đại học công nghệ - QGHN,6,CN16,Công nghệ thông tin định hướng thị trường Nhật Bản,A00; A01; D01,27.5,
Đại học công nghệ - QGHN,7,CN17,Kỹ thuật Robot,A00; A01; D01,23.0,
Đại học công nghệ - QGHN,8,CN2,Kỹ thuật máy tính,A00; A01; D01,27.5,
Đại học công nghệ - QGHN,9,CN3,Vật lý kỹ thuật,A00; A01; D01,23.0,
Đại học công nghệ - QGHN,10,CN4,Cơ kỹ thuật,A00; A01; D01,25.0,
Đại học công nghệ - QGHN,11,CN5,Công nghệ kỹ thuật xây dựng,A00; A01; D01,22.0,
Đại học công nghệ - QGHN,12,CN7,Công nghệ Hàng không vũ trụ,A00; A01; D01,23.0,
Đại học công nghệ - QGHN,13,CN14,Hệ thống thông tin,A00; A01; D01,25.0,Điều kiện tiếng Anh trong kỳ thi THPT từ 6 điểm trở lên
Đại học công nghệ - QGHN,14,CN15,Mạng máy tính và truyền thông dữ liệu,A00; A01; D01,24.0,Điều kiện tiếng Anh trong kỳ thi THPT từ 6 điểm trở lên
Đại học công nghệ - QGHN,15,CN6,Công nghệ kỹ thuật cơ điện tử,A00; A01; D01,23.0,Điều kiện tiếng Anh trong kỳ thi THPT từ 6 điểm trở lên
Đại học công nghệ - QGHN,16,CN8,Khoa học máy tính,A00; A01; D01,27.25,Điều kiện tiếng Anh trong kỳ thi THPT từ 6 điểm trở lên
Đại học công nghệ - QGHN,17,CN9,Công nghệ kỹ thuật điện tử - viễn thông,A00; A01; D01,23.0,Điều kiện tiếng Anh trong kỳ thi THPT từ 6 điểm trở lên
